artist,genre
*NSYNC,Pop
-M-,Rock
2CELLOS,Classical Crossover
2PM,K-Pop
2Pac,Hip-hop
4 Non Blondes,Rock
5 Seconds of Summer,Pop Rock
50 Cent,Hip Hop
7 Zwerge,German folk
A Banda Mais Bonita da Cidade,Indie Pop
A Tribe Called Quest,Hip Hop
A Winged Victory for the Sullen,Ambient
ABBA,Pop
AJR,Pop
ATEEZ,K-Pop
Aaron Copland,Classical
Aaron Smith,House
Abhorrence,Death Metal
Abomination,Death Metal
Aborted,Death Metal
Above & Beyond,Trance
Academia da Berlinda,Brazilian Popular Music
Ace Frehley,Hard Rock
Ace of Base,Pop
Adam Beyer,Techno
Adam Lambert,Pop
Adel Tawil,Pop
Adele,Pop
Adoniran Barbosa,Samba
Adramelech,Black Metal
Adrian Lux,Progressive House
Aerosmith,Hard Rock
Afrojack,Electro House
Afrojack & Shermanology,Electro House
Agathocles,Grindcore
Agressor,Thrash Metal
Ahmad Jamal Trio,Jazz
Aias,Hip Hop
Aix Em Klemm,Pop
Akon,R&B
Al Barry,R&B
Al Green,Soul
Alan Walker,EDM
Alanis Morissette,Alternative Rock
Alannah Myles,Rock
Alba Lua,Indie Pop
Alban Berg,Classical
Alban Claudin,Jazz
Albert Ayler,Free Jazz
Albert Hammond,Pop
Albert Pla & Pascal Comelade,Avant-garde
Alberto Stylee,Reggaeton
Alec Benjamin,Pop
Alessia Cara,Pop
Alesso,EDM
Alex C.,Pop
Alex Gaudino,House
Alex Reece,Techno
Alex Sensation,Reggaeton
Alexander Scriabin,Classical
Alexis Ffrench,Classical
Alexis y Fido,Reggaeton
Alice Coltrane,Jazz
Alicia Keys,R&B
All Saints,Pop
All-4-One,R&B
Allan Pettersson,Classical
Alligatoah,Hip Hop
Alma Deutscher,Classical
Alok,EDM
Alpha Blondy,Reggae
Altar,Death Metal
Althea And Donna,Reggae
Alton Ellis,Ska
AlunaGeorge,Indie Pop
Alvvays,Indie Pop
Amanaz,Rock
America,Folk Rock
Ameritz - Karaoke,Karaoke
Amilcare Ponchielli,Classical
Amon Amarth,Melodic Death Metal
Amorphis,Melodic Death Metal
Amy Beach,Classical
Amy Dickson,Country
Amy Grant,Contemporary Christian
Amy Winehouse,Soul
Ana Mena,Pop
Ana Moura,Fado
Ana Roxanne,Indie Pop
Anastacia,Pop
Andreas Bourani,Pop
Andreas Gabalier,Pop
Andy C,Drum and Bass
Andy Stringer,Pop
Andy Williams,Pop Standards
Angel Olsen,Indie Folk
Angel Y Khriz,Reggaeton
Angelcorpse,Black Metal
Anita O'Day,Jazz
Anitta,Pop
Anna Phoebe,Indie Pop
Anne Chmelewsky,Classical
Anne-Marie,Pop
Annelie,Pop
AnnenMayKantereit,Indie Pop
Annett Louisan,Pop
Annie Lennox,Pop
Anthrax,Thrash Metal
Anton,Pop
Anton Bruckner,Classical
Anton Rubinstein,Classical
Anton Webern,Classical
Antonio Machín,Bolero
Antonio Vivaldi,Baroque
Antonín Dvořák,Classical
Antônio Carlos Jobim,Bossa Nova
Anuel AA,Latin Trap
Aphex Twin,Electronic
Applefish,Industrial
Arcade Fire,Indie Rock
Arcangel,Reggaeton
Arch Enemy,Melodic Death Metal
Aretha Franklin,Soul
Ariana Grande,Pop
Ariel Pink,Indie Pop
Armin van Buuren,Trance
Arnie Love & The Lovelettes,Soul
Arnold Schoenberg,Classical
AronChupa,Dance Pop
Arooj Aftab,Classical
Art Blakey,Hard Bop
Art Blakey & The Jazz Messengers,Hard Bop
Art Farmer,Jazz
Art Pepper,Jazz
Art Tatum,Jazz
Asaf Avidan,Indie Folk
Asmus Tietchens,Ambient
Asphyx,Death Metal
Astrid S,Pop
Astrud Gilberto,Bossa Nova
At The Gates,Melodic Death Metal
Atheist,Technical Death Metal
Atomic Kitten,Pop
Atrocity,Death Metal
Au Revoir Simone,Indie Pop
Augustus Pablo,Dub
Autechre,Electronic
Autopsy,Death Metal
Ava Max,Pop
Avenged Sevenfold,Heavy Metal
Aventura,Bachata
Avicii,EDM
Avril Lavigne,Pop Punk
Avulsed,Death Metal
Axwell,Progressive House
Axwell / Ingrosso,House
Axwell /\\ Ingrosso,Progressive House
Ayman,Deutschrap
Azad,Deutschrap
Azealia Banks,Hip Hop
B Fachada,Pop Rock
B*Witched,Pop
B.o.B,Hip Hop
BEAUZ,Pop
BERGER,Deutschrap
BRONCHO,Indie Rock
BTS,K-Pop
BURNS,Pop
Baauer,Trap
Baby Rasta,Reggaeton
Baby Rasta & Gringo,Reggaeton
Baccara,Disco
Bachman-Turner Overdrive,Rock
Backstreet Boys,Pop
Bad Bunny,Latin Trap
Bad Company UK,Rock
Bad Gyal,Reggaeton
Bagunço,Brazilian Popular Music
Baphomet,Black Metal
Barbatuques,A Cappella
Barrett Strong,Soul
Barrington Levy,Reggae
Barry Manilow,Pop
Barry White,Soul
Basta,Russian Rap
Bastille,Indie Pop
Basto,Trance
Batida,Electronic
Bausa,Deutschrap
Baxter Dury,Indie Rock
Beach Beach,Indie Pop
Beatrice Egli,Schlager
Bebe,Latin Pop
Bebe Rexha,Pop
Bebel Gilberto,Bossa Nova
Becky G,Pop
Bedřich Smetana,Classical
Bee Gees,Disco
Beginner,Hip Hop
Behemoth,Black Metal
Belinda Carlisle,Pop
Belle & Sebastian,Indie Pop
Beloved Melodies,New Age
Ben,Pop
Ben E. King,Soul
Ben Howard,Folk
Ben Lee,Indie Pop
Ben Webster,Jazz
Benediction,Death Metal
Benj Pasek,Musical
Benjamin Britten,Classical
Benny Benassi,Electro House
Benny Golson,Jazz
Berliner Philharmoniker,Classical
Bette Midler,Pop
Betty Carter,Jazz
Beyoncé,R&B
Big Mountain,Reggae
Big Sean,Hip Hop
Big Star,Power Pop
Big Surr,Indie Pop
Big Thief,Indie Folk
Big Youth,Reggae
Bill Evans,Jazz
Bill Evans Trio,Jazz
Bill Haley & His Comets,Rock & Roll
Bill Medley,Pop
Bill Withers,Soul
Billie Eilish,Pop
Billie Holiday,Jazz
Billy Joel,Pop
Billy Ocean,R&B
Bing & Ruth,Ambient
Bingo Players,Electro House
Biosphere,Ambient
Black Box,Eurodance
Black Eyed Peas,Hip Hop
Black Sabbath,Heavy Metal
Blackstreet,R&B
Blackthorn,Heavy Metal
Blasphereion,Black Metal
Blasterjaxx,Electro House
Bleached,Garage Rock
Blondie,New Wave
Blood Orange,R&B
Bloodbath,Death Metal
Bo Diddley,Rock & Roll
Bob Dylan,Folk
Bob Marley & The Wailers,Reggae
Bob Seger,Rock
Bobbie Gentry,Country
Bobby Darin,Pop
Bobby Womack,Soul
Bodysync,Techno
Bolt Thrower,Death Metal
Bomba Estéreo,Electropop
Bon Jovi,Hard Rock
Bonnie Tyler,Rock
Boomgates,Indie Rock
Borgore,Dubstep
Bossacucanova,Bossa Nova
Boston,Rock
Bow Wow,Hip Hop
Boys Noize,Electro House
Boyz II Men,R&B
Boyzone,Pop
Boza,Pop
Brad Mehldau,Jazz
Brazilian Jazz,Jazz
Bread,Soft Rock
Brennan Heart,Hardstyle
Brian Courtney Wilson,Gospel
Brian Eno,Electronic
Brian Hodgson,Electronic
Brian McBride,Country
Bring Me The Horizon,Metalcore
Britney Spears,Pop
Broken Hope,Death Metal
Brookes Brothers,House
Bruce Channel,Rock & Roll
Bruce Hornsby,Pop
Bruce Springsteen,Rock
Bruno Lauzi,Italian Pop
Bruno Mars,R&B
Brutal Truth,Grindcore
Brutality,Death Metal
Bryan Adams,Rock
Bud Powell,Jazz
Buddy,Deutschrap
Buddy Holly,Rock & Roll
Buddy Holly & The Crickets,Rock & Roll
Built To Spill,Indie Rock
Bullet For My Valentine,Metalcore
Bunny Wailer,Reggae
Burning Spear,Reggae
Busta Rhymes,Hip Hop
Béla Bartók,Classical
Bïa,Folk
C. Tangana,Latin Trap
CAZZETTE,Progressive House
CID,House
CL,K-Pop
CNCO,Latin Pop
CRO,Pop
Caetano Veloso,MPB
Cali Swag District,Hip Hop
Calle 13,Reggaeton
Calvin Harris,EDM
Camel Power Club,Indie Rock
CamelPhat,House
Camera Obscura,Indie Pop
Camila Cabello,Pop
Camille Saint-Saëns,Classical
Camilo,Latin Pop
Cancer,Black Metal
Cannibal Corpse,Death Metal
Cannonball Adderley,Jazz
Capital Bra,Deutschrap
Captain & Tennille,Pop
Car Seat Headrest,Indie Rock
Carcass,Grindcore
Caribou,Electronic
Carl Nielsen,Classical
Carl Perkins,Rock & Roll
Carl Philipp Emanuel Bach,Classical
Carlitos Vieira Dias,Classical
Carlos Barbosa-Lima,Classical
Carlos Berlanga,Pop
Carlos Madrid,Latin Pop
Carly Rae Jepsen,Pop
Carly Simon,Pop
Carnage,Trap
Carnifex (FIN),Melodic Death Metal
Carole King,Pop
Carpenters,Pop
Cartilage,Noise Rock
Casa De Leones,Reggaeton
Cascada,Eurodance
Cashmere Cat,Pop
Casper,Deutschrap
Cassandra Steen,Pop
Cassidy,Hip Hop
CeCe Peniston,House
Cecilia De Maria,Pop
Cedric Gervais,Progressive House
CeeLo Green,R&B
Celeste,Soul
Cemetary,Death Metal
Cenotaph,Melodic Death Metal
Cesar Camargo Mariano & Romero Lubambo,Jazz
Chamillionaire,Hip Hop
Charades,Indie Pop
Charles Gounod,Opera
Charles Ives,Classical
Charlie Parker,Jazz
Charlie Puth,Pop
Charlie Winston,Pop
Chase & Status,Drum and Bass
Cheap Trick,Rock
Cheat Codes,EDM
Cheka,Reggaeton
Chema Rivas,Reggaeton
Cher,Pop
Chet Baker,Jazz
Chicago,Rock
Chick Corea,Jazz
Chico Buarque,MPB
Chico César,MPB
Chihei Hatakeyama,Ambient
Children Of Bodom,Melodic Death Metal
Chingy,Hip Hop
Chino & Nacho,Latin Pop
Chloe Flower,Indie Pop
Chocolate Puma,Electro House
Chris Brown,R&B
Chris Jedi,Reggaeton
Chris Lake,House
Chris Montez,Pop
Chris de Burgh,Pop
Christian,Pop
Christina Aguilera,Pop
Christina Stürmer,Pop
Christopher Cross,Soft Rock
Chucho,Latin Jazz
Chuck Berry,Rock & Roll
Chuck Wood,R&B
Chuckie,Dutch House
Chuckie feat. Gregor Salto,Dutch House
Ciara,R&B
City and Colour,Indie Folk
Claude Debussy,Classical
Clawfinger,Industrial Metal
Clean Bandit,Pop
Clem Snide,Indie Rock
Cliff Richard & The Drifters,Pop
Clifford Brown,Jazz
Climie Fisher,Synthpop
Clueso,Pop
Cocoon,Pop
Colbie Caillat,Pop
Coldplay,Alternative Rock
Coleman Hawkins,Swing
Colleen Green,Indie Rock
College & Electric Youth,Synthwave
Comecon,Grindcore
Commodores,Funk
Congorock,Electro House
Connie Francis,Pop
Conquering Lion,Reggae
Convulse,Death Metal
Conway Twitty,Country
Cool Ghouls,Garage Rock
Coolio,Gangsta Rap
Corinne Bailey Rae,Soul
Cornell Campbell,Reggae
Corona,Eurodance
Count Basie,Swing
Counting Crows,Alternative Rock
Courtney Barnett,Indie Rock
Cousins,Pop
Craig James Fox,Pop
Creedence Clearwater Revival,Rock
Cross Worship,Black Metal
Crowded House,Rock
Cryptopsy,Technical Death Metal
Crystal Fighters,Indie Pop
Crystal Gayle,Country
Culcha Candela,Reggae
Culture Club,New Wave
Curse,Deutschrap
Cutting Crew,Pop Rock
Cyndi Lauper,Pop
Cynic,Progressive Metal
Cypress Hill,Hip Hop
Céline Dion,Pop
César Franck,Classical
D.O.,K-Pop
D12,Hip Hop
DAY6 (Even of Day),K-Pop
DB Boulevard,Eurodance
DELLAFUENTE,Reggaeton
DJ Bull Blood,Dutch Hardcore
DJ Fresh,Drum and Bass
DJ Khaled,Hip Hop
DJ Marky,Drum and Bass
DJ Nelson,Drum and Bass
DJ Snake,EDM
DJ Zinc,Drum and Bass
DJ Ötzi,Pop
DMX,Hip Hop
DNCE,Pop
DOWN,Sludge Metal
DVBBS,Electro House
DY,Electro House
Da Souza,Brazilian Popular Music
DaBaby,Hip Hop
Dada Life,Progressive House
Daddy Yankee,Reggaeton
Daddy's Groove,House
Daft Punk,Electronic
Dakota Staton,Jazz
Dalex,Reggaeton
Dan + Shay,Country
Dan Hartman,Disco
Dandy,House
Daniel Avery,Techno
Danny & The Juniors,Doo-wop
Danny Byrd,Drum and Bass
Danny L Harle,Pop
Danny Ocean,Reggaeton
Dapayk & Padberg,Trance
Dario Marianelli,Film Score
Dark Tranquillity,Melodic Death Metal
Darkthrone,Black Metal
Daryl Coley,Gospel
Daryl Hall & John Oates,Pop Rock
Das Bo,Hip Hop
Dash Berlin,Trance
Dave Brubeck,Jazz
Dave Darell,Jazz
Dave Holland Quartet,Jazz
David Archuleta,Pop
David Behrman,Minimalism
David Bowie,Rock
David Guetta,EDM
David Kilgour,Indie Rock
David Schultz,Jazz
Davide Locatelli,Jazz
Daya,Pop
Dayvi,Reggaeton
De Frank Professionals,R&B
De La Ghetto,Reggaeton
De Randfichten,Pop
Dead Prez,Hip Hop
Dean Martin,Traditional Pop
Death,Death Metal
Decapitated,Technical Death Metal
Deceased…,Death Metal
Decomposed,Death Metal
Decrepit Birth,Technical Death Metal
Deeds of Flesh,Brutal Death Metal
Deep Blue Something,Alternative Rock
Deep blue,Trance
Deerhunter,Indie Rock
Defaced Creation,Death Metal
Deftones,Alternative Metal
Deichkind,Pop
Deicide,Death Metal
Dem Franchize Boyz,Hip Hop
Demi Lovato,Pop
Demigod,Technical Death Metal
Demilich,Technical Death Metal
Demolition Hammer,Death Metal
Demonios Da Garoa,Samba
Deniz Koyu,Electro House
Dennis Brown,Reggae
Deolinda,Fado
Deorro,EDM
Depeche Mode,Electronic
Deranged,Death Metal
Derek & The Dominos,Rock
Derrick Harriott,Ska
Des'ree,Pop
Desecrator,Death Metal
Desire,Soul
Desmond Dekker,Ska
Destiny's Child,R&B
Desultory,Death Metal
Devastation,Death Metal
Devendra Banhart,Indie Folk
Dexter Gordon,Hard Bop
Diddy,Hip Hop
Diddy - Dirty Money,Hip Hop
Die Atzen,Pop
Die Fantastischen Vier,Hip Hop
Die Firma,Hip Hop
Die Orsons,Deutschrap
Die Prinzen,Schlager
Die Toten Hosen,Punk Rock
Dignan Porch,Indie Pop
Dillinja,Drum and Bass
Dillon Francis,Moombahton
Dimitri Vangelis & Wyman,Trance
Dimitri Vegas & Like Mike,Electro House
Dinah Washington,Jazz
Dion & The Belmonts,Doo-wop
Dionne Warwick,Pop
Dire Straits,Rock
Dirk Maassen,Jazz
Dirty South,Progressive House
Disciples,House
Disclosure,House
Disfear,Melodic Hardcore
Disgrace,Grindcore
Disharmonic Orchestra,Symphonic Black Metal
Disincarnate,Technical Death Metal
Dismember,Melodic Death Metal
Dissection,Melodic Death Metal
Disturbed,Nu Metal
Dizzy Gillespie,Bebop
Dj Joe,Reggaeton
Djavan,MPB
Dmitri Shostakovich,Classical
Doctor Rockit,Techno
Dolly Parton,Country
Domenico Scarlatti,Classical
Don Diablo,Future House
Don Henley,Rock
Don McLean,Folk
Don Omar,Reggaeton
Don Patricio,Pop
Dona Ivone Lara,Samba
Donald Byrd,Hard Bop
Donna Lewis,Pop
Dope,Nu Metal
Doris Day,Traditional Pop
Dorival Caymmi,MPB
Dr. Dre,Hip Hop
Dr. Hook,Pop
Dragon & Caballero,Reggaeton
Drake,Hip Hop
Dream Theater,Progressive Metal
Dreamcatcher,K-Pop
Drumsound,Drum and Bass
Dua Lipa,Pop
Duane Eddy,Rock & Roll
Duckwrth,Hip Hop
Duke Dumont,House
Duke Ellington,Swing
Duncan Dhu,Pop Rock
Dusty Springfield,Pop
Dying Fetus,Technical Death Metal
Dyland & Lenny,Electro House
Dynoro,EDM
Dzeko & Torres,Electro House
E-Z Rollers,Drum and Bass
EFF,Deutschrap
ENHYPEN,K-Pop
Eagle-Eye Cherry,Pop
Eagles,Rock
Earl Grant,Pop
"Earth, Wind & Fire",Funk
Eartha Kitt,Jazz
East 17,Pop
Easy Star All-Stars,Reggae
Ebo Taylor,Afrobeat
Echt,Rock
Ed Rush,Drum and Bass
Ed Sheeran,Pop
Eddie Cochran,Rock & Roll
Eddie Dee,Reggaeton
Eddie Floyd,Soul
Eddy Lover,Reggaeton
Edgard Varèse,Classical
Edge Of Sanity,Melodic Death Metal
Eduardo di Capua,Classical
Edvard Grieg,Classical
Edward Elgar,Classical
Einojuhani Rautavaara,Classical
Eisblume,Pop
Eko Fresh,Hip Hop
El Guincho,Electronic
Electric Light Orchestra,Rock
Electrocution,Electro Industrial
Elin Porsinger,Pop
Ella Endlich,Schlager
Ella Fitzgerald,Jazz
Ellie Goulding,Pop
Elliott Carter,Classical
"Elomar, Geraldo Azevedo, Vital Farias, Xangai",MPB
Elton John,Pop
Elvis Perkins,Indie Rock
Elvis Presley,Rock & Roll
Emeralds,Ambient
Emile Mosseri,Film Score
Emily A. Sprague,Electronic
Eminem,Hip Hop
Emmy Lindström,Indie Pop
Empire of the Sun,Indie Pop
England Dan & John Ford Coley,Pop
English Singles,Indie Pop
Ennio Morricone,Film Score
Enrique Iglesias,Pop
Entombed,Death Metal
Equinox,Black Metal
Erasure,Synthpop
Eric Carmen,Pop
Eric Clapton,Blues
Eric Prydz,Progressive House
Eric Whitacre,Choral
Erik Satie,Classical
Ernesto de Curtis,Classical
Esbjörn Svensson Trio,Jazz
Espaldamaceta,Indie Rock
Espanto,Indie Pop
Estelle,R&B
Eternal Solstice,Melodic Black Metal
Etta James,Blues
Etta Jones,Jazz
Eurythmics,Pop
Eusebius,Classical
Eva Fernández,Indie Pop
Eva Simons,EDM
Eve,Hip Hop
Evripidis and His Tragedies,Greek Folk
Evvie McKinney,Gospel
Ex Confusion,Death Metal
Example,Grime
Excruciate,Grindcore
Exhumed,Death Metal
Exile,Country
Extol,Technical Melodic Death Metal
Extreme,Hard Rock
Extreme Noise Terror,Grindcore
Eydís Evensen,Indie Pop
FAULHABER,Electronic
FEMME,Indie Pop
FIDLAR,Punk Rock
FISHER,House
Fabolous,Hip Hop
Fabrizio De André,Italian Singer-Songwriter
Faith Hill,Country
Fake Blood,Electro House
Fall Out Boy,Pop Punk
Farruko,Reggaeton
Fat Joe,Hip Hop
Fatboy Slim,Big Beat
Fats Domino,Rock & Roll
Fear Factory,Industrial Metal
Fedde Le Grand,Electro House
Federico Mompou,Classical
Felix Da Housecat feat. will.i.am,Electro House
Felix Jaehn,EDM
Felix Mendelssohn,Classical
Fennesz,Electronic
Fergie,Pop
Fettes Brot,Hip Hop
Fifth Harmony,Pop
Fine Young Cannibals,Pop
Fink,Trip Hop
Firebeatz,Hardstyle
Five Finger Death Punch,Heavy Metal
Fleetwood Mac,Rock
Fler,Deutschrap
Fleshcrawl,Death Metal
Flex,Electro House
Flo Rida,Hip Hop
Florence + The Machine,Indie Pop
Florian Christl,Jazz
Flume,Future Bass
Flux Pavilion,Dubstep
Flying Fingers,Classical
Foals,Indie Rock
Fontella Bass,Soul
Foreigner,Rock
Fort Minor,Hip Hop
Four Tops,Soul
Foxygen,Indie Rock
Francesco Araia,Opera
Francesco Cilea,Opera
Francesco Tristano,Classical
Franco Battiato,Italian Singer-Songwriter
"Franco ""El Gorilla""",Reggaeton
Frank Sinatra,Traditional Pop
Frankie Avalon,Rock & Roll
Frankie Cosmos,Indie Rock
Frankie Lymon & The Teenagers,Doo-wop
Frankie Valli,Pop
Frankie Valli & The Four Seasons,Pop
Franz Ferdinand,Indie Rock
Franz Joseph Haydn,Classical
Franz Liszt,Classical
Franz Schubert,Classical
Frauenarzt,Hip Hop
Fred De Palma,Pop
Fred V & Grafix,Drum and Bass
Freddie Hubbard,Hard Bop
Fresh,Hip Hop
Frida Gold,Pop
Frédéric Chopin,Classical
Fugees,Hip Hop
Funebrarum,Funeral Doom
Funebre,Black Metal
FÄIS,Indie Pop
G-Unit,Hip Hop
GAS,Ambient
Gabriel Fauré,Classical
Gabrielle,Pop
Gaetano Donizetti,Opera
Gal Costa,MPB (Brazilian Popular Music)
Galantis,Electro House
Galaxie 500,Indie Rock
Garmiani,Electro House
Gary Burton,Jazz
Gene Moore,Electronic
Gene Vincent & His Blue Caps,Rock and Roll
General Surgery,Death Metal
Genesis,Progressive Rock
George Frideric Handel,Baroque
George Gershwin,Classical
George Harrison,Rock
George Michael,Pop
George Shearing Quintet,Jazz
Georges Bizet,Opera
Geraldo Azevedo,MPB
Germà Aire,Folk
Germán Carrascosa y la Alegría del Barrio,Flamenco
Gerry & The Pacemakers,Pop
Gerry Mulligan,Cool Jazz
Gerry Rafferty,Pop
Gestört aber GeiL,Electro House
Ghost,Heavy Metal
Giacomo Puccini,Opera
Gilberto Gil,MPB
Ginuwine,R&B
Gioachino Rossini,Opera
Giovanni,Pop
Giraffage,Electronic
Girls,Indie Rock
Giuseppe Verdi,Opera
Gladys Knight & The Pips,Soul
Glashaus,Alternative
Glasperlenspiel,Pop
Glen Campbell,Country
Glenn Frey,Rock
Global Communication,Ambient
Global Deejays,Trance
Gloria Ann Taylor,Pop
Gloria Gaynor,Disco
Go West,Pop
God Forsaken,Death Metal
God Macabre,Death Metal
Gojira,Progressive Metal
Goldbæk,Electronic
Goldie,Drum and Bass
Golpe a Golpe,Reggaeton
Good Times Ahead,House
Goodnight Radio,Indie Pop
Goodwill,Hip Hop
Gorefest,Death Metal
Gorement,Death Metal
Gorguts,Technical Death Metal
Grant Green,Hard Bop
Grave,Death Metal
Graveola,Garage Rock
Great Lake Swimmers,Indie Folk
Gregory Isaacs,Reggae
Grits,Hip Hop
Grotesque,Death Metal
Grouper,Ambient
Grupo De Expertos Solynieve,Post-Rock
Gryffin,Future Bass
Guided By Voices,Indie Rock
Gustav Holst,Classical
Gustav Mahler,Classical
Gwen Stefani,Pop
Gym Class Heroes,Pop Rap
György Ligeti,Classical
Haemorrhage,Goregrind
Hailee Steinfeld,Pop
Hakobune,Post-Rock
Halsey,Pop
Hamilton Leithauser + Rostam,Indie Rock
Hank Mobley,Hard Bop
Hank Williams,Country
Hans Zimmer,Film Score
Hanson,Pop Rock
Happyness,Indie Rock
Hardwell,Big Room House
Hardwell & Dyro feat. Bright Lights,Electro House
Harold Budd,Ambient
Harry Belafonte,Folk
Harry Nilsson,Pop
Harry Styles,Pop
Hate Eternal,Melodic Death Metal
Hatebreed,Metalcore
Hauschka,Minimal Music
Heart,Rock
Hector & Tito,Reggaeton
Hector Berlioz,Classical
Hefner,Indie Pop
Heitor Villa-Lobos,Classical
Helene Fischer,Schlager
Hellwitch,Black Metal
Henri Dutilleux,Classical
Henrietta Smith-Rolla,R&B
Henry Purcell,Baroque
Henry Smith,Hip-hop
Henryk Górecki,Classical
Herb Alpert & The Tijuana Brass,Pop
Herbert Grönemeyer,Pop
Herbie Hancock,Jazz
Herbie Mann,Jazz
Hernán Ríos,Latin Jazz
High Contrast,Drum and Bass
Hildur Guðnadóttir,Electronic
Hindi Zahra,World Music
Hiroshi Yoshimura,Ambient
Hirotaka Shirotsubaki,Ambient
Hollie Cook,Reggae
Holly Miranda,Indie Pop
Homem ao Mar,Indie Rock
Hootie & The Blowfish,Pop Rock
Horace Silver,Hard Bop
Hospitality,Indie Pop
Hot Chocolate,Funk
House Of Pain,Hip Hop
Houston,R&B
Huerco S.,House
Hues Corporation,Funk
Huey Lewis & The News,Rock
Hugar,Rock
Hypocrisy,Melodic Death Metal
"Héctor ""El Father""",Reggaeton
Höhner,Pop
ILLENIUM,Melodic Dubstep
INXS,Rock
ITZY,K-Pop
Ian Carey,House
Iannis Xenakis,Classical
Iasos,New Age
Ice Cube,Hip Hop
Ich + Ich,Pop
Icona Pop,Electropop
Idahams,Afrobeats
Igor Stravinsky,Classical
Ike & Tina Turner,Soul
Ilan Eshkeri,Film Score
Illdisposed,Melodic Death Metal
Immaculate Fools,Britpop
Immolation,Death Metal
Imprecation,Death Metal
In Flames,Melodic Death Metal
Incantation,Death Metal
Indungeon,Death Metal
Infester,Grindcore
Infinity Ink,Drum and Bass
Insatanity,Black Metal
Insect Warfare,Grindcore
Interment,Death Metal
Internal Bleeding,Grindcore
Intestine Baalism,Brutal Death Metal
Invocator,Death Metal
Irene Cara,Pop
Iron Maiden,Heavy Metal
Isaac Ulam,Pop
Isbells,Folk
Iseo & Dodosound,Reggae
Isobel Campbell,Indie Folk
Ivan Gough,House
Ivy Queen,Reggaeton
Iyaz,Pop
J Alvarez,Reggaeton
J Balvin,Reggaeton
J Majik & Wickaman feat. Kate Loveridge,Drum and Bass
J-Kwon,Hip Hop
J. Dash,Hip Hop
JAY-Z,Hip-hop
JEON SOMI,K-Pop
JORIS,Pop
JP Saxe,Pop
Ja Rule,Hip Hop
Jack Ü,Trap
Jackie McLean,Hard Bop
Jackie Wilson,Soul
Jacques Offenbach,Opera
Jadiel el Incomparable,Reggaeton
Jamelia,R&B
James Arthur,Pop
James Blake,Electronic
James Blunt,Pop
James Taylor,Folk
Jamie N Commons,Indie Pop
Jamie xx,Electronic
Jan Delay,Hip Hop
Jan Johansson,Jazz
Janet Jackson,Pop
Janis Joplin,Rock
Jason Derulo,Pop
Jason Mraz,Pop
Javiera Mena,Indie Pop
Jax Jones,House
Jay Hardway,Hardstyle
Jay Sean,R&B
Jay Wheeler,Reggaeton
Jean Sibelius,Classical
Jeezy,Hip Hop
Jennifer Lopez,Pop
Jennifer Paige,Pop
Jenny Chi,R&B
Jerard & Jovaun,Gospel
Jeremih,R&B
Jerry Lee Lewis,Rock and Roll
Jess Glynne,Pop
Jessie J,Pop
Jhay Cortez,Reggaeton
Jibbs,Hip Hop
Jiggy Drama,Hip Hop
Jim Jones,Hip Hop
Jim Reeves,Country
Jimmy Cliff,Reggae
Jimmy Ruffin,Soul
Jimmy Smith,Jazz
Jo Stafford,Pop
Joan Colomo,Indie Rock
Joan Manuel Serrat,Catalan Music
Joana Pons amb ses guitarres,Classical
Joaquín Rodrigo,Classical
Joe Cocker,Rock
Joe Henderson,Jazz
Joe Lovano,Jazz
Joe Pass,Jazz
Joel Adams,Pop
Joey Montana,Reggaeton
Johann Christian Bach,Classical
Johann Sebastian Bach,Baroque
Johann Strauss II,Classical
Johannes Brahms,Romantic
Johannes Oerding,Pop
John Adams,Classical
John Coltrane,Jazz
John Coltrane Quartet,Jazz
John Denver,Folk
John Farnham,Pop
John Foxx,Electronic
John Holt,Reggae
John Legend,R&B
John Newman,Pop
John Newton,Jazz
John Parr,Rock
John Paul Young,Pop
John Wizards,Indie Rock
Johnny & The Hurricanes,Rock and Roll
Johnny Cash,Country
Johnny Griffin,Hard Bop
Johnny Hodges,Swing
Johnny Mathis,Pop
Johnny Nash,Reggae
Johnny Prez,Reggaeton
Jon Bellion,Pop
Jon Hassell,Electronic
Jon Hopkins,Electronic
Jon Lemmon,Electronic
Jonas Blue,Tropical House
Jonas Brothers,Pop
Jonathan Traylor,Gospel
Joni Mitchell,Folk
Jonny Nash,Gospel
Jordin Sparks,Pop
Jorge Ben Jor,MPB
Jorge Cafrune,Folk
Jorge Grundman,Jazz
"Joseph Hellmesberger, Jr.",Classical
Josh.,Deutschrap
Joshua Kadison,Pop
Journey,Rock
Jowell & Randy,Reggaeton
Joy Division,Post-Punk
Joyous Celebration,Gospel
João Gilberto,Bossa Nova
Juan Magán,Latin Pop
Juan Wauters,Indie Rock
Juancho Style,Reggaeton
Judas Priest,Heavy Metal
Judy Collins,Folk
Juelz Santana,Hip Hop
Juju,Afrobeat
Jules Massenet,Opera
Juli,Pop
Julia Michaels,Pop
Julian Jordan,Future House
Julianna Barwick,Ambient
Jungle Rot,Death Metal
Junior Caldera,Electro House
Junior Murvin,Reggae
Juniore,Indie pop
Jupiter Jones,Pop
Justice,Electro House
Justin Bieber,Pop
Justin Timberlake,Pop
Jörn Schlönvoigt,Schlager
Jürgen Drews,Schlager
K-Ci & JoJo,R&B
KAROL G,Reggaeton
KC & The Sunshine Band,Disco
KDA,K-Pop
KSHMR,Electro House
Kaija Saariaho,Classical
Kaitlyn Aurelia Smith,Electronic
Kanye West,Hip hop
Kara-Lis Coverdale,Electronic
Karlheinz Stockhausen,Classical
Karol Szymanowski,Classical
Kaskade,Progressive House
Kataklysm,Melodic Death Metal
Katalysator,Black Metal
Kate & Ben,Folk
Katrina & The Waves,Pop rock
Katy Perry,Pop
Kaz James,Electro House
Keane,Britpop
Keith & Kristyn Getty,Gospel
Keith & Tex,Soul
Keith Fullerton Whitman,Electronic
Keith Jarrett,Jazz
Kelis,R&B
Kelly Clarkson,Pop
Kelly Price,R&B
Kendrick Lamar,Hip Hop
Kenny Burrell,Jazz
Kenny Dorham,Hard Bop
Kenny Loggins,Soft rock
Keri Hilson,R&B
Kerstin Ott,Schlager
Kesha,Pop
Khia,Hip Hop
Kid Cudi,Hip Hop
Kid Francescoli,Indie pop
Killerpilze,Rock
Killing Addiction,Death Metal
Killswitch Engage,Metalcore
Kim,Pop
Kim Carnes,Pop
King Tubby,Dub
Kings of Leon,Rock
Kino Rankins,Reggaeton
Kirsten & Marie,Pop
Kiwi jr.,Indie rock
Klangkarussell,Deep House
Klaus Schulze,Electronic
Knife Party,Electro House
Kool & The Gang,Funk
Koop,Acid jazz
Korn,Nu Metal
Kosheen,Trip Hop
Kou Keri Kou,Pop
Kraftklub,Indie Pop
Kreator,Thrash Metal
Krewella,Electro House
Kris Kross,Hip Hop
Kris Kross Amsterdam,Dance
Krisiun,Death Metal
Krust,Drum and Bass
Kungs,Tropical house
Kurt Elling,Jazz
Kygo,Tropical house
Kyle Bobby Dunn,Ambient
Kylie Minogue,Pop
Kölsch,Techno
L.A.,Pop
LISA,K-Pop
LMFAO,Electro hop
LOTTE,Pop
La Roux,Synthpop
La Secta,Reggaeton
La iaia,Indie pop
LaBrassBanda,Pop
LaFee,Pop
Lacuna Coil,Gothic Metal
Lady Gaga,Pop
Laidback Luke,Electro House
Laing,Deutschrap
Lamb of God,Groove Metal
Lambchop,Indie rock
Lana Del Rey,Pop
Laraaji,Ambient
Lars Gullin,Jazz
Las Guanabanas,Reggaeton
Laserkraft 3D,Hardstyle
Laura,Pop
Laura Branigan,Pop
Laurie Spiegel,Electronic
Lauv,Pop
Lavinia Meijer,Classical
Lawrence Lek,Electronic
"Lee ""Scratch"" Perry",Reggae
Lee Konitz,Cool Jazz
Lee Morgan,Hard Bop
LeeHi,K-Pop
Leila Pinheiro,MPB
Lenny Tavárez,Reggaeton
Leo Sayer,Pop
Leona Lewis,Pop
Leonard Bernstein,Classical
Leonard Cohen,Folk
Leone Sinigaglia,Pop
Leoš Janáček,Classical
Leroy Hutson,R&B
Leroy Smart,Reggae
Les Savy Fav,Indie rock
Les Sueques,Indie pop
Leslie Gore,Pop
Lester Young,Swing
Leviticus,Hip Hop
Lewis Capaldi,Pop
Lexi,Pop
Liam Payne,Pop
Liers In Wait,Death Metal
Lighthouse Family,Pop
Lil Baby,Hip Hop
Lil Jon & The East Side Boyz,Crunk
Lil Tecca,Hip Hop
Lil Wayne,Hip Hop
Limp Bizkit,Nu Metal
Linton Kwesi Johnson,Reggae
Lionel Hampton,Swing
Lionel Richie,R&B
Little Eva,Pop
Little Mix,Pop
Little Richard,Rock and roll
Liza Li,Classical
Lizzo,Pop
Lizzy Mercier Descloux,New wave
Lloyd Banks,Hip Hop
Lloyd Price,R&B
Loadstar,Drum and Bass
Logistics,Drum and Bass
London Elektricity,Drum and Bass
Lonestar,Country
Lord Creator,Calypso
Loreen,Pop
Lorena Astudillo & Daniel Maza,Latin
Loretta Lynn,Country
Lorez Alexandria,House
Los Legendarios,Reggaeton
Los Lobos,Rock
Los Planetas,Indie rock
Loscil,Ambient
Lost Frequencies,Deep house
Lou Bega,Dance
Lou Doillon,Pop
Lou Donaldson,Hard Bop
Lou Reed,Rock
Loud Luxury,Dance
Loudon Wainwright III,Folk
Louis Armstrong,Jazz
Louis Prima,Swing
Louis The Child,Future bass
Louise Farrenc,Classical
Love Affair,Pop
Love Inks,Indie rock
Lucas & Steve,Progressive House
Lucas Forch,Pop
Lucette Bourdin,Classical
Luciano Berio,Classical
Ludacris,Hip Hop
Ludovico Einaudi,Classical
Ludwig van Beethoven,Classical
Luigi 21 Plus,Reggaeton
Luis Fonsi,Latin pop
Luisa Sobral,Pop
Lukas Graham,Pop
Lukas Hilbert,House
Lulu,Pop
Lulu And The Luvvers,Pop
Lunay,Reggaeton
Luniz,Hip Hop
Luny Tunes,Reggaeton
Luthea Salom,Indie pop
Lykke Li,Indie Pop
Léo Delibes,Opera
Lützenkirchen,Schlager
M People,Dance
M-Beat,Big Beat
M.A.N.D.Y.,House
M.I.A.,Hip hop
M83,Synthpop
MACABRE,Death Metal
MAGIC!,Pop
MAGUIRE,Pop
MEDUZA,Dance
MIKA,Pop
MKTO,Pop
MOTi,Electro House
Mabel,Pop
Mac DeMarco,Indie rock
Machine Head,Groove Metal
Macklemore & Ryan Lewis,Hip hop
Macy Gray,R&B
Made In June,Electro House
Madeon,Electro House
Madness,Ska
Madonna,Pop
Maggie Lindemann,Pop
Maggie Rogers,Indie pop
Magnate,Electro House
Magnetic Man,Dubstep
Magnus Lindberg,Classical
Maikel Delacalle,Reggaeton
Major Lazer,Dance
Mal Waldron,Jazz
Malevolent Creation,Death Metal
Maluma,Reggaeton
Manel,Indie pop
Manfred Mann,Pop
Manu Chao,Rock
Manuel Turizo,Reggaeton
Marc Seguí,Pop
Marcin,Pop
Marcos Valle,MPB
Maria Arnal i Marcel Bagés,Indie folk
Maria Bethânia,MPB
Maria Gasolina,Pop
Maria McKee,Rock
Mariah,Pop
Mariah Carey,Pop
Marie et les garçons,Pop
Marilyn Manson,Industrial Metal
Mario,R&B
Mark Forster,Pop
Mark Pritchard,Electronic
Mark Ronson,Pop
Markus Becker,Trance
Marlon,Deutschrap
Maroon 5,Pop
Marshmello,EDM
Marteria,Hip Hop
Martha Reeves & The Vandellas,Motown
Martin Garrix,EDM
Martin Jensen,Dance
Martin Solveig,Electro House
Martin Solveig Vs. GTA,Electro House
Martinho Da Vila,Samba
Marvin Gaye,Soul
Marvin Hamlisch,Soundtrack
Mary J. Blige,R&B
Mary Lattimore,Ambient
Mary Lou Williams,Jazz
Mary Wells,Pop
Masayoshi Fujita,Jazz
Massacra,Death Metal
Massacre,Death Metal
Massive Töne,Hip Hop
Master,Death Metal
Mastodon,Progressive Metal
Maurice Ravel,Classical
Maurice Williams & The Zodiacs,R&B
Max Giesinger,Pop
Max Herre,Hip Hop
Max Mutzke,Pop
Max Richter,Minimalism
Maxi Priest,Reggae
Maxim,Pop
Maya,Pop
Maya Saban,Pop
Mayra Andrade,Pop
McCoy Tyner,Jazz
McFadden & Whitehead,Disco
Me and the Bees,Indie pop
Meat Loaf,Rock
Megadeth,Thrash Metal
Megaslaughter,Death Metal
Meghan Trainor,Pop
Mel Tormé,Jazz
Mercedes Sosa,Folk
Merciless,Death Metal
Meredith Brooks,Pop
Merry Clayton,R&B
Metallica,Heavy Metal
Method Man,Hip Hop
MiMS,Electro House
Mia.,Pop
Micha Moor,Electro House
Michael Bublé,Jazz
Michael Calfan,House
Michael Feiner,House
Michael Jackson,Pop
Michael Kiwanuka,Soul
Michael Naura Quartet,Jazz
Mickey & Sylvia,Pop
Mickie Krause,Schlager
Midnight Oil,Rock
Mike & The Mechanics,Rock
Mike Posner,Pop
Miles Davis,Jazz
Miles Davis Quintet,Jazz
Miley Cyrus,Pop
Milosz Magin,Classical
Milt Jackson,Hard Bop
Missy Elliott,Hip Hop
Moby,Electronica
Moderat,Electronic Music / Techno
Moderat**,Electronic
Modern English,New Wave / Synthpop
Modern English**,New wave
Modeselektor,Electronic
Modest Mussorgsky,Classical
Mohombi,Pop / R&B
Mohombi**,Pop
Monsta X,K-Pop
Monstrosity,Technical Death Metal
Moon Jong Up,K-Pop
Moraes Moreira,MPB
Moraes Moreira**,MPB
Morbid,Death Metal
Morbid Angel,Death Metal
Morbid Saint,Death Metal
Mordicus,Death Metal
Morgoth,Black Metal
Morpheus Descends,Black Metal
Mort Garson,Electronic
Morta Skuld,Black Metal
Mortal Decay,Death Metal
Mortician,Death Metal
Mortification,Death Metal
Mortuary,Death Metal
Motörhead,Heavy Metal
Moyseis Marques,Forró
Moyseis Marques**,Pop
Mr. Big,Hard Rock
Mr. Big**,Hard rock
Muddy Waters,Delta Blues
Muddy Waters**,Blues
Mudvayne,Nu Metal
Muhabbet,Hip Hop
Mujeres,Indie Pop
Mujeres**,Pop
Mulatu Astatke,Ethio-Jazz
Mulatu Astatke**,Ethio-jazz
Mundo Livre,Mangue Beat
Mundo Livre S/A,Mangue Beat
Mundo Livre S/A**,Rock
Mundo Livre**,Rock
Myke Towers,Reggaeton
Mystikal,Hip Hop
N.O.R.E.,Hip Hop
N.W.A.,Hip Hop / Gangsta Rap
N.W.A.**,Hip hop
NCT 127,K-Pop
NCT DREAM,K-Pop
NERO,Dubstep
NERVO,Electro House
Nacho,Reggaeton
Nacho Vegas,Indie Rock
Nacho Vegas**,Indie pop
Nadia Ali,Trance
Namika,Pop
Nancy Sinatra,Pop / Rock
Nancy Sinatra**,Pop
Nancy Wilson,Jazz
Napalm Death,Grindcore
Naphobia,Death Metal
Nari,Electro House
Nas,Hip Hop
Nasum,Grindcore
Nat King Cole,Jazz
Nat King Cole**,Jazz
Natalie Imbruglia,Pop
Natalie Imbruglia**,Pop
Natalie La Rose,Pop / Dance
Natalie La Rose**,Pop
Natasha Bedingfield,Pop
Natasha Bedingfield**,Pop
Natti Natasha,Reggaeton
Nause,Electro House
Ne-Yo,R&B
Ne-Yo**,R&B
Necrony,Death Metal
Necrophagia,Death Metal
Necrophagist,Technical Death Metal
Necrophiliac,Grindcore
Necrophobic,Melodic Death Metal
Necropsy,Death Metal
Necrosanct,Death Metal
Neil Diamond,Pop / Rock
Neil Diamond**,Pop
Neil Sedaka,Pop
Neil Sedaka**,Pop
Neil Young,Folk Rock / Country Rock
Neil Young**,Rock
Nelly,Hip Hop / R&B
Nelly Furtado,Pop / R&B
Nelly Furtado**,Pop
Nelly**,Hip hop
Nena,Pop
Netsky,Drum & Bass
Netsky**,Drum & bass
Nevada,Alternative Rock
Nevada**,Electronic
New Boyz,Hip Hop
New Kids On The Block,Pop
New Kids On The Block**,Pop
New Radicals,Pop / Rock
New Radicals**,Alternative rock
Niall Horan,Pop
Niall Horan**,Pop
Nicki Minaj,Hip Hop
Nicki Minaj**,Hip hop
Nicky Jam,Reggaeton
Nicky Jam**,Reggaeton
Nicky Romero,Progressive House
Nico Roig,Flamenco
Nico Roig**,Pop
Niemann,Pop
Nightwish,Symphonic Metal
Nihilist,Grindcore
Nikolai Myaskovsky,Classical
Nikolai Rimsky-Korsakov,Classical
Nile,Technical Death Metal
Nils Frahm,Ambient / Electronic
Nils Frahm**,Electronic
Nina Simone,Jazz
Nio Garcia,Reggaeton
Nirvana,Grunge / Alternative Rock
Nirvana 2002,Blackgaze
Nirvana**,Grunge
Nocturnus,Technical Death Metal
Noriega,Reggaeton
Nouvelle Vague,Indie Pop / French Pop
Nouvelle Vague**,Indie pop
Nova y Jory,Reggaeton
Novos Baianos,Tropicália
Novos Baianos**,MPB
Nusrat Fateh Ali Khan,Qawwali
Nusrat Fateh Ali Khan**,Sufi music
Núria Graham,Indie Pop
Núria Graham**,Indie pop
ODESZA,Indie Electronic
OH MY GIRL,K-Pop
OMI,Pop / Reggae
OMI**,Pop
ONF,K-Pop
OOMPH!,Industrial Metal
Oasis,Britpop / Rock
Oasis**,Britpop
Obituary,Death Metal
Obscurity,Death Metal
Octavien X,Techno
Octavien X**,Electronic
Olaf Henning,Schlager
Olga Scheps,Classical
Olga Scheps**,Classical
Oli. P,Hip Hop
Oliver Heldens,Future House
Oliver Knussen,Classical
Oliver Nelson,Jazz
Oliver Pocher,Pop
Olivia Belli,Pop / R&B
Olivia Belli**,Pop
Olivier Messiaen,Classical
Omar Montes,Reggaeton
Omnia,Trance
One Direction,Pop
One Direction**,Pop
OneRepublic,Pop / Rock
OneRepublic**,Pop rock
Oneohtrix Point Never,Electronic
Onra,Hip Hop / Trip Hop
Onra**,Hip hop
Opeth,Progressive Metal
Oppressor,Death Metal
Opprobrium,Death Metal
Orchestral Manoeuvres In The Dark,Synthpop / New Wave
Orchestral Manoeuvres In The Dark**,Synthpop
Origin Unknown,Drum and Bass
Os Mutantes,Tropicalia / Psychedelic Rock
Os Mutantes**,Rock
Os Tincoãs,Forró
Os Tincoãs**,MPB
Oscar Peterson Trio,Jazz
Otis Redding,Soul
Otis Redding**,Soul
Otto Knows,Progressive House
Ottorino Respighi,Classical
Outkast,Hip Hop / Alternative Hip Hop
Outkast**,Hip hop
Oval,Electronic
Owl City,Synthpop / Electropop
Owl City**,Synthpop
Ozuna,Latin Trap
Ozzy Osbourne,Heavy Metal
P!nk,Pop / Rock
P!nk**,Pop
PMZ,Electro House
PUPUT,Indie Pop
PUPUT**,Electronic
Palehound,Indie Rock
Palehound**,Indie rock
Pan-American,Ambient
Panic! At The Disco,Pop Rock / Emo
Panic! At The Disco**,Pop rock
Pantera,Groove Metal
Pantokrator,Black Metal
Parkway Drive,Metalcore
Parquet Courts,Indie Rock
Parquet Courts**,Indie rock
Pat Boone,Pop / Country
Pat Boone**,Pop
Patsy Cline,Country
Patsy Cline**,Country
Patti Page,Pop
Patti Page**,Pop
Patti Smith,Punk Rock / Spoken Word
Patti Smith**,Punk rock
Paul Anka,Pop / Traditional Pop
Paul Anka**,Pop
Paul Desmond,Cool Jazz
Paul Hindemith,Classical
Paul Kalkbrenner,Techno
Paul McCartney,Pop / Rock
Paul McCartney**,Pop/Rock
Paul Simon,Pop / Folk Rock
Paul Simon**,Singer-songwriter
Paul van Dyk,Trance
Paula Morelenbaum,MPB
Paula Morelenbaum**,Bossa nova
Pauline Oliveros,Electronic
Paulinho Da Viola,MPB
Paulinho Da Viola**,Samba
Paulo Londra,Latin Trap
Paulo Moura,Música Popular Brasileira
Paulo Moura**,Jazz
Peabo Bryson,R&B
Peabo Bryson**,R&B
Pedro Aznar,Rock
Pedro Aznar**,Rock
Pedro Capó,Reggaeton
Peggy Lee,Jazz / Pop
Peggy Lee**,Jazz
Pendulum,Drum and Bass
Per Nørgård,Classical
Percy Faith,Easy Listening
Percy Faith**,Orchestral
Percy Sledge,Soul
Percy Sledge**,Soul
Perotá Chingó,Cumbia
Perotá Chingó**,Cumbia
Perry Como,Traditional Pop
Pessimist,Grindcore
Pestilence,Death Metal
Pet Shop Boys,Synthpop
Pete Krebs & The Kung Pao Chi,Funk
Peter And Gordon,Pop
Peter Andre,Pop
Peter Cetera,Pop
Peter Fox,Pop
Peter Gabriel,Rock
Peter Maxwell Davies,Classical
Peter Sarstedt,Pop
Peter Tosh,Reggae
Peter Wackel,Schlager
"Peter, Paul and Mary",Folk
Petey Pablo,Hip Hop
Petula Clark,Pop
Pharrell Williams,Hip-hop
Phil Collins,Pop
Phil Phillips,Rock and Roll
Phil Woods,Jazz
Philip Bailey,R&B
Philip Glass,Minimalism
Philipp Dittberner,Electro
Philipp Poisel,Pop
Phlebotomized,Death Metal
Phobia,Death Metal
Phoria,Electronic
Phyllis Dillon,Pop
Piano Novel,Electronic
Picco,Electro House
Pieter de Graaf,Jazz
Pig Destroyer,Grindcore
Pink Is Punk,Electro House
Pitbull,Hip-hop
Pixies,Alternative Rock
Plan B,Hip Hop
Planet 1999,House
Polarkreis 18,Pop
Polish National Radio Symphony Orchestra,Classical
Polluted Inheritance,Death Metal
Porter Robinson,Electro House
Possessed,Death Metal
Post Malone,Hip-hop
Post Mortem,Death Metal
Pretenders,Rock
Prince,Funk
Procol Harum,Rock
Prong,Industrial Metal
Protector,Thrash Metal
Pulcino Pio,Schlager
Pungent Stench,Death Metal
Pur,Rock
Pure Bliss,House
Purtenance,Death Metal
Pusha T,Hip Hop
Pyaemia,Death Metal
Pyotr Ilyich Tchaikovsky,Classical
Pyrexia,Death Metal
Quatro Ventos,MPB
Queen,Rock
Quiet Gaze,Instrumental
Quincy Jones,Jazz
Quintino,Electro House
R. City,Hip-hop
R. Kelly,R&B
R.E.M.,Alternative Rock
R.K.M & Ken-Y,Reggaeton
R3HAB,EDM
RAYE,Pop
RIN,Deutschrap
ROSALÍA,Latin Pop
RPM (Relaxing Piano Music),Ambient
Rachel Platten,Pop
Radical Face,Indie Rock
Radiohead,Alternative Rock
Rae Sremmurd,Hip Hop
Raining Blood,Death Metal
Rakim,Hip Hop
Ralph Vaughan Williams,Classical
Rammstein,Industrial Metal
Randy,Reggaeton
Randy Nota Loka,Reggaeton
Raphael Rabello,Choro
Rapsoul,Hip Hop
Rauw Alejandro,Reggaeton
Ray Charles,Soul
Ray Keith,Reggaeton
Rayo & Toby,Reggaeton
Real Estate,Indie Rock
Red Garland,Jazz
Red Velvet,K-Pop
Redlight,Electro House
Refree,Indie Rock
Regurgitation,Grindcore
Reik,Latin Pop
Rels B,Pop
Remo Anzovino,Jazz
Renaldo & Clara,Indie Folk
Renato Zero,Pop
Renegade,Electro House
Repulsion,Death Metal
Resurrection,Death Metal
Revolverheld,Pop
Rewired88,Electronic
Reykon,Reggaeton
Richard Bona,Jazz
Richard Smallwood,Gospel
Richard Strauss,Classical
Richard Wagner,Classical
Rick Ross,Hip Hop
Ricky Dillard,Gospel
Ricky Martin,Pop
Ricky Nelson,Rock and Roll
Rihanna,Pop
Rilès,French Hip Hop
Rino Gaetano,Pop
Rio Combo,Latin Jazz
Rippikoulu,Death Metal
Ritchie Valens,Rock and Roll
Riton,House
Rob Zombie,Industrial Metal
Robbie Williams,Pop
Robert Forster,Indie Rock
Robert Fripp,Progressive Rock
Robert Palmer,Pop
Robin Schulz,Deep House
Robin Thicke,R&B
Rod Stewart,Rock
Rodríguez,Rock
Roedelius,Electronic
Roger Cicero,Jazz
Ronald Stevenson,Classical
Ronan Keating,Pop
Roni Size,Drum and Bass
Rosenstolz,Pop
Rotten Sound,Grindcore
Rottrevore,Black Metal
Roxette,Pop
Roy Hargrove,Hard Bop
Roy Orbison,Rock and Roll
Roy of the Ravers,Happy Hardcore
Royce Da 5'9,Hip-hop
"Royce Da 5'9""",Hip hop
Royce Da 5\'9,Hip Hop
Rudimental,Drum and Bass
Rufus,Funk
Ruggero Leoncavallo,Opera
Run51,Hip Hop
Runemagick,Black Metal
Ryan Paris,Disco
Ryuichi Sakamoto,Electronic
S Club 7,Pop
SAINt JHN,Hip-hop
SDP,Hip Hop
SEVENTEEN,K-Pop
SHY FX,Drum and Bass
SNAP!,Eurodance
SUNMI,K-Pop
Sabrina Carpenter,Pop
Sacrificium,Melodic Black Metal
Sadist,Technical Death Metal
Sadistic Intent,Death Metal
Saintseneca,Indie Rock
Sam & Dave,Soul
Sam Cooke,Soul
Sam Feldt,House
Sam Smith,Pop
Sammy & Falsetto,Reggae
Sampa the Great,Hip-hop
Samuel Barber,Classical
Samy Deluxe,Hip Hop
Sander van Doorn,Trance
Sandro Silva,Electro House
Sandëro,Electro House
Sanjosex,Indie Rock
Santana,Rock
Sara Bareilles,Pop
Sarah Connor,Pop
Sarah Davachi,Electronic
Sarah Vaughan,Jazz
Sarcófago,Black Metal
Saule,Indie Rock
Savage Garden,Pop
Schnappi,Pop
Schnuffel,Pop
Schäfer Heinrich,Schlager
Scooter,Hard Trance
Scott McKenzie,Pop
Scott Walker,Pop
Seal,Soul
Seals and Crofts,Pop
Sean Kingston,Pop
Sean Paul,Dancehall
Seance,Black Metal
Sebastian Ingrosso,Progressive House
Sebastian Yatra,Latin Pop
Sech,Reggaeton
See Siang Wong,Pop
Seeb,Tropical House
Seeed,Reggae
Selena Gomez,Pop
Senior i el cor brutal,Indie Rock
Sentenced,Gothic Metal
Sepultura,Thrash Metal
Serge Gainsbourg,Pop
Sergei Prokofiev,Classical
Sergei Rachmaninoff,Classical
Sergio Mendes & Brasil '66,Bossa Nova
Seu Jorge,MPB
Severe Torture,Brutal Death Metal
Shaggy,Reggae
Shakira,Pop
Shania Twain,Country
Shanice,R&B
Sharon Van Etten,Indie Rock
Shaun Frank,Progressive House
Shawn Mendes,Pop
Sheppard,Pop Rock
Sheryl Crow,Rock
Shontelle,Pop
Shop Boyz,Hip Hop
Showtek,Hardstyle
Shub Niggurath,Black Metal
Sia,Pop
Sia Furler,Pop
Sidney Samson,Electro House
Sido,Hip Hop
Sigur Rós,Post-Rock
Silbermond,Pop
Simon & Garfunkel,Folk
Simple Minds,New Wave
Simply Red,Pop
Sinister,Death Metal
Sinéad O'Connor,Pop
Sisa,Latin
Sister Sledge,Disco
Six Feet Under,Death Metal
Sixpence None The Richer,Pop
Skrillex,Dubstep
Slayer,Thrash Metal
Slipknot,Nu Metal
Slumber Party,Shoegaze
Sly & The Family Stone,Funk
Small Faces,Rock
Smith Westerns,Indie rock
Smokey Robinson & The Miracles,Motown
Smokie Norful,Gospel
Snoop Dogg,Hip Hop
Soil,Nu Metal
Solstice,Doom Metal
Som Ibérico,Indie pop
Sonny & Cher,Pop
Sonny & The Sunsets,Surf rock
Sonny Clark,Hard Bop
Sonny Rollins,Jazz
Sophia George,Pop
Sophie Milman,Jazz
Sorcery,Black Metal
Sororicide,Death Metal
Soulja Boy,Hip hop
Spandau Ballet,New romantic
Spice Girls,Pop
Spin Doctors,Rock
Sportfreunde Stiller,Indie Rock
Sr. Chinarro,Indie pop
Stadiumx,Electro House
Stan Getz,Jazz
Stanley Turrentine,Soul Jazz
Star Slinger,Electro house
Starland Vocal Band,Pop
Starley,Pop
Stars Of The Lid,Ambient
Starship,Rock
Static-X,Industrial Metal
Steel Pulse,Reggae
Steely Dan,Rock
Stefan Raab,Pop
Stefan Raab feat. Shaggy,Pop
Stefano Noferini,House
Stereoact,Pop
Steve Angello,Progressive House
Steve Aoki,Electro house
Steve Miller Band,Rock
Steve Reich,Minimalism
Steve Winwood,Rock
Stevie Wonder,R&B
Stone Poneys,Folk
Stormzy,Grime
Stray Kids,K-Pop
Stromae,Hip Hop
Studio Killers,Pop
Sub Focus,Drum and Bass
Subsona,Indie pop
Suffocation,Technical Death Metal
Sufjan Stevens,Indie folk
Sugababes,Pop
Suicidal Tendencies,Hardcore Punk
Sunnery James & Ryan Marciano,Progressive House
Supermode,House
Supertramp,Progressive rock
Susumu Yokota,Electronic
Suzi Quatro,Rock
Swedish House Mafia,Progressive house
System Of A Down,Nu Metal
Sérgio Mendes,Bossa nova
Sílvia Pérez Cruz,Flamenco
Søndag Søndag,Indie pop
Súper Gegant,Indie pop
T-Pain,R&B
T-Power Vs. MK Ultra,Hardstyle
T. Rex,Glam rock
T.I.,Hip hop
T1419,K-Pop
TEY,Reggaeton
TLC,R&B
TOOL,Progressive Metal
TOTO,Rock
TWICE,K-Pop
Tainy,Reggaeton
Taio Cruz,Pop
Take That,Pop
Tal Bachman,Pop
Tame Impala,Psychedelic rock
Tania Maria,Jazz
Tasha Cobbs Leonard,Gospel
Taylor Swift,Pop
Tchami,Future House
Tech N9ne,Hip Hop
Teenage Fanclub,Indie pop
Teenage Filmstars,Indie rock
Tego Calderon,Reggaeton
Tempo Rei,Indie pop
Ten Walls,Deep House
Tennessee Ernie Ford,Country
Tensnake,Deep House
Terekke,Black Metal
Terrorizer,Grindcore
Terry Riley,Minimalism
Tete Montoliu,Jazz
Texas,Rock
Thanatos,Black Metal
Thao & The Get Down Stay Down,Indie rock
The 5th Dimension,Pop
The 6ths,Indie pop
The All-American Rejects,Pop punk
The Archies,Pop
The Aston Shuffle,House
The B-52's,New wave
The Band,Rock
The Bangles,Pop
The Be Good Tanyas,Folk
The Beach Boys,Surf rock
The Beatles,Rock
The Bellamy Brothers,Country
The Ben Webster Quintet,Jazz
The Big Bopper,Rock and Roll
The Bloody Beetroots,Electro House
The Bobby Fuller Four,Garage Rock
The Boomtown Rats,New Wave
The Breeders,Indie Rock
The Brown Boyz,Gospel
The Budos Band,Afrobeat
The Byrds,Folk Rock
The Cascades,Pop
The Chainsmokers,EDM
The Chiffons,Pop
The Chills,Indie Rock
The Chordettes,Pop
The Clark Sisters,Gospel
The Cleaners From Venus,Post-Punk
The Clovers,Doo-wop
The Coasters,R&B
The Communards,Pop
The Contours,Motown
The Corrs,Pop
The Crickets,Rock and Roll
The Crystals,Pop
The Cure,Gothic Rock
The Dave Brubeck Quartet,Cool Jazz
The Del-Vikings,Doo-wop
The Diamonds,Pop
The Doobie Brothers,Rock
The Doors,Rock
The Drifters,R&B
The Drums,Indie Pop
The Easybeats,Pop
The Elwins,Indie Rock
The Ethiopians,Reggae
The Everly Brothers,Rock and Roll
The Flamingos,Doo-wop
The Fleetwoods,Pop
The Fresh & Onlys,Garage Rock
The Frightnrs,Reggae
The Game,Hip Hop
The Ganja Kru,Reggae
The Go-Betweens,Indie Rock
The Goo Goo Dolls,Alternative Rock
The Handsome Family,Alternative Country
The Heptones,Reggae
The Hollies,Pop
The Honeys,Pop
The Human League,Synthpop
The Isley Brothers,Soul
The Jackson 5,Pop
The Jamaicans,Reggae
The Jesus and Mary Chain,Alternative Rock
The KLF,Electronic
The Killers,Alternative Rock
The King Khan & BBQ Show,Garage Rock
The Kingsmen,Garage Rock
The Kinks,Rock
The Knack,Power Pop
The La's,Indie Rock
The Libertines,Indie Rock
The Lovin' Spoonful,Folk Rock
The Magnetic Fields,Indie Pop
The Mamas & The Papas,Pop
The Marcels,Pop
The Maytals,Reggae
The McCoys,Pop
The Memories,Vocal Jazz
The Modern Jazz Quartet,Jazz
The Monkees,Pop
The Monty Alexander Trio,Jazz
The Mountain Goats,Indie Rock
The Notorious B.I.G.,Hip Hop
The O'Jays,Soul
The Orb,Ambient
The Pains Of Being Pure At Heart,Indie Pop
The Paragons,Reggae
The Partysquad,Electro House
The Pastels,Indie Pop
The Piano Guys,Instrumental
The Platters,Doo-wop
The Poets Of Rhythm,A cappella
The Pointer Sisters,R&B
The Police,New Wave
The Poni-Tails,Rock and Roll
The Proclaimers,Pop
The Pussycat Dolls,Pop
The Rembrandts,Pop
The Righteous Brothers,Pop
The Rolling Stones,Rock
The Ronettes,Pop
The Script,Pop
The Searchers,Pop
The Seekers,Folk
The Shins,Indie Rock
The Shirelles,Pop
The Shivas,Garage Rock
The Skatalites,Ska
The Smiths,Indie Rock
The Spaniels,Doo-wop
The Specials,Ska
The Spencer Davis Group,Pop
The Supremes,Motown
The Tallest Man On Earth,Indie Folk
The Temper Trap,Indie Rock
The Temptations,Motown
The Troggs,Garage Rock
The Uniques,Reggae
The Vaccines,Indie Rock
The Vamps,Pop
The Wanted,Pop
The War On Drugs,Indie Rock
The Waterboys,Rock
The Wave Pictures,Indie Rock
The Weeknd,R&B
The Young Rascals,Rock
The Zephyr Bones,Indie Rock
The xx,Indie Pop
Thelonious Monk,Jazz
Thelonious Monk Trio,Jazz
Them,Garage Rock
Thergothon,Doom Metal
Therion,Symphonic Metal
Thibault Cauvin,Pop
Thin Lizzy,Hard Rock
Third Party,Electro House
Thomas Adès,Classical
Thomas Enhco,Electronic
Thomas Godoj,Pop
Thurston Harris,R&B
Tim Bendzko,Pop
Tim Berg,Progressive House
Tim Hecker,Electronic
Tim Toupet,Schlager
Timbaland,Hip-hop
Timmy Trumpet,Electro House
Tina Turner,Rock
"Tito ""El Bambino""",Reggaeton
Titus Andronicus,Indie Rock
Tiësto,EDM
Todd Rundgren,Rock
Todd Terje,House
Tokio Hotel,Pop
Tom Cochrane,Rock
Tom Hangs,Electro House
Tom Jones,Pop
Tom Zé,Experimental
Tomaso Albinoni,Baroque
Tomeu Penya,Jazz
Tommy Edwards,Pop
Tommy James & The Shondells,Pop
Tommy McCook,Ska
Tommy Trash,Electro House
Tones And I,Pop
Tonny Tun Tun,Reggaeton
Tony Bennett,Jazz
Tony Calabro,Pop
Tony Dize,Reggaeton
Tony Junior,Electro House
Tony Scott,Jazz
Toots & The Maytals,Reggae
Toots Thielemans,Jazz
Toploader,Rock
Tori Kelly,Pop
Toru Takemitsu,Classical
Tory Lanez,Hip Hop
Totally Enormous Extinct Dinosaurs,Indie Dance
Train,Pop Rock
Tramaine Hawkins,Gospel
Trebol Clan,Reggaeton
Trey Songz,R&B
Tribalistas,MPB
Trick Daddy,Hip Hop
Tristan Murail,Classical
Trivium,Metalcore
Troye Sivan,Pop
Trueno,Latin Trap
Trío Page Cavanaugh,Jazz
Tuccillo,Electro House
Tujamo,Deep House
Twenty One Pilots,Alternative Rock
Twerps,Indie Rock
Twisted Sister,Heavy Metal
TwoPlusFour,Rock
Tye Tribbett,Gospel
Tyga,Hip Hop
Type O Negative,Gothic Metal
U2,Rock
U96,Trance
UB40,Reggae
Udo Lindenberg,Pop
Umberto Giordano,Opera
Ummet Ozcan,Electro House
Umpah Pah,Pop
Unanimated,Melodic Death Metal
Unheilig,Rock
Univers,Pop
Unleashed,Death Metal
Usher,R&B
Uwu Lena,Pop
VINAI,Electro House
Vader,Death Metal
Valentino Khan,Trap
Van Halen,Hard Rock
Van Morrison,Rock
Van Vogel Ensemble,Jazz
Vandaveer,Indie Folk
Vanessa Carlton,Pop
Vanessa Da Mata,MPB
Various Artists,Various
Vato Gonzalez,Reggaeton
Vic Chesnutt,Indie Rock
Vic Damone,Pop
Vicetone,Progressive House
Vigiland,Electronic
Vince Guaraldi Trio,Jazz
Vincenzo Bellini,Opera
Vinícius de Moraes,MPB
Viogression,Melodic Death Metal
Violent Femmes,Alternative Rock
Vital Remains,Death Metal
Volbeat,Heavy Metal
Voltio,Reggaeton
Vomitory,Death Metal
Voyager,Progressive Rock
Vàlius,Indie Folk
W&W,Hardstyle
WALK THE MOON,Indie Pop
WHY?,Experimental
Waka Flocka Flame,Hip Hop
Warm Soda,Indie Rock
Warren G,Hip Hop
Wavves,Indie Rock
Wayne Shorter,Jazz
We The Kingdom,Gospel
Wealstarcks,Indie Rock
Weeekly,K-Pop
Wes Montgomery,Jazz
Westlife,Pop
Westside Connection,Hip-hop
Wet Wet Wet,Pop
Wham!,Pop
Wheatus,Alternative Rock
White Reaper,Garage Rock
White Zombie,Industrial Metal
Whitesnake,Hard Rock
Whitney Houston,Pop
Wide Eyed,Indie Rock
Wilco,Alternative Rock
Wiley,Grime
Wilkinson,Drum and Bass
William Basinski,Ambient
William Walton,Classical
Wilson Phillips,Pop
Wilson Pickett,Soul
Wilson Simonal,MPB
Wincent Weiss,Pop
Windy & Carl,Gospel
Wings,Rock
Wisin,Reggaeton
Wisin & Yandel,Reggaeton
Within Temptation,Symphonic Metal
Witold Lutosławski,Classical
Wolf Alice,Indie Rock
Wolfgang Amadeus Mozart,Classical
Wolfgang Gartner,Electro House
Wolfine,Electro House
Wombbath,Death Metal
Woods,Indie Folk
WorshipMob,Gospel
Wu-Tang Clan,Hip Hop
Wynter Gordon,Pop
Xysma,Black Metal
Xzibit,Hip Hop
Yaga & Mackie,Reggaeton
Yaga Y Mackie,Reggaeton
Yandel,Reggaeton
Yeah Yeah Yeahs,Indie Rock
Years & Years,Pop
Yellow Claw,Trap
Yelsid,Electro House
Yenson,Electro House
Ying Yang Twins,Hip Hop
Yiruma,New Age
Yomo,Reggaeton
Yusef Lateef,Jazz
Yusuf / Cat Stevens,Folk Rock
Yves V,Electro House
Yvonne Catterfeld,Pop
ZAYN,R&B
ZHU,Deep House
Zap Pow,Electro House
Zara Larsson,Pop
Zedd,EDM
Zezé Motta,MPB
Zimerman Orchestra,Classical
Zion,Reggae
Zion & Lennox,Reggaeton
Zlatko,Deutschrap
Zonderling,Electro House
Zé Maurício Machline,Jazz
a-ha,Synthpop
aespa,K-Pop
benny blanco,Pop
blackbear,Hip-hop
deadmau5,Progressive House
msftz,Pop
t.A.T.u.,Pop
zzoilo,Latin Pop
Ñejo,Reggaeton
Ñejo & Dalmata,Reggaeton
